common_name,audio_index,occur,realised_occur,observer_id,n,checklist_label,previous_checklists,min,max,diff,ratio,new_diff
Acadian Flycatcher,8.102496105052042,0.025919294494555316,0.3894262347264785,new,86.05515832482124,low,0,0.0075400840241537405,0.00606673458698983,-0.0014733494371639106,0.804597742884003,-0.195402257115997
Acadian Flycatcher,8.102496105052042,0.025919294494555316,0.3894262347264785,new,86.05515832482124,medium,197,0.00989105567937883,0.009060597190218676,-8.304584891601543e-4,0.9160394485604283,-0.0839605514395717
Acadian Flycatcher,8.102496105052042,0.025919294494555316,0.3894262347264785,new,86.05515832482124,high,2598,0.011131209353536217,0.010853216858305441,-2.77992495230776e-4,0.9750258497166382,-0.024974150283361807
American Coot,4.194986189659894,0.028810116882384516,0.5164621931603672,new,86.05515832482124,low,0,0.03718048150914485,0.024061771335527688,-0.013118710173617164,0.647161369591448,-0.352838630408552
American Coot,4.194986189659894,0.028810116882384516,0.5164621931603672,new,86.05515832482124,medium,197,0.04466840490429161,0.0320196585401849,-0.012648746364106705,0.7168301310241895,-0.28316986897581053
American Coot,4.194986189659894,0.028810116882384516,0.5164621931603672,new,86.05515832482124,high,2598,0.0471101621501381,0.03571382329509583,-0.011396338855042272,0.7580917081388381,-0.24190829186116192
American Crow,6.547250562911586,0.670775120275011,0.9999524350234394,new,86.05515832482124,low,0,0.17577759330794573,0.2278872235962033,0.052109630288257575,1.2964520636994183,0.29645206369941834
American Crow,6.547250562911586,0.670775120275011,0.9999524350234394,new,86.05515832482124,medium,197,0.27913731739957887,0.3254052979346667,0.04626798053508785,1.1657534756230972,0.16575347562309717
American Crow,6.547250562911586,0.670775120275011,0.9999524350234394,new,86.05515832482124,high,2598,0.3258234980893936,0.3733955204882192,0.04757202239882563,1.1460054989213015,0.14600549892130155
American Goldfinch,5.847487567358421,0.7538987564088702,0.9999947607054481,new,86.05515832482124,low,0,0.2177513171911089,0.28484494406180344,0.06709362687069453,1.308120417989527,0.30812041798952694
American Goldfinch,5.847487567358421,0.7538987564088702,0.9999947607054481,new,86.05515832482124,medium,197,0.34021366718575613,0.4025038703006339,0.06229020311487776,1.1830914190783153,0.18309141907831528
American Goldfinch,5.847487567358421,0.7538987564088702,0.9999947607054481,new,86.05515832482124,high,2598,0.39543757703676297,0.45910607193757935,0.06366849490081639,1.161007700325094,0.16100770032509404
American Herring Gull,4.2322573302716995,0.058451510613368604,0.5871295166810119,new,86.05515832482124,low,0,0.04544320625385627,0.027663372237939625,-0.017779834015916644,0.6087460484941495,-0.3912539515058505
American Herring Gull,4.2322573302716995,0.058451510613368604,0.5871295166810119,new,86.05515832482124,medium,197,0.05508287661563832,0.03613096927255754,-0.018951907343080783,0.6559383149989622,-0.34406168500103784
American Herring Gull,4.2322573302716995,0.058451510613368604,0.5871295166810119,new,86.05515832482124,high,2598,0.05797350067971782,0.03982131368058975,-0.018152186999128073,0.6868882026046313,-0.31311179739536865
American Kestrel,4.276581921832324,0.02948291763480348,0.5298611550723025,new,86.05515832482124,low,0,0.029550769902103535,0.018605308965009296,-0.01094546093709424,0.6296048809098845,-0.37039511909011547
American Kestrel,4.276581921832324,0.02948291763480348,0.5298611550723025,new,86.05515832482124,medium,197,0.03541178769393093,0.024612710454462745,-0.010799077239468182,0.6950428672845853,-0.3049571327154147
American Kestrel,4.276581921832324,0.02948291763480348,0.5298611550723025,new,86.05515832482124,high,2598,0.0372649049290955,0.027359228302437297,-0.009905676626658207,0.7341821575687396,-0.2658178424312604
American Redstart,6.473887453845008,0.20682612084241925,0.9625706448938248,new,86.05515832482124,low,0,0.08103529971197806,0.08653202541996573,0.0054967257079876625,1.0678312504245009,0.06783125042450089
American Redstart,6.473887453845008,0.20682612084241925,0.9625706448938248,new,86.05515832482124,medium,197,0.1041000967642474,0.10502409941973873,9.240026554913211e-4,1.0088760979500708,0.008876097950070827
American Redstart,6.473887453845008,0.20682612084241925,0.9625706448938248,new,86.05515832482124,high,2598,0.10997933264154917,0.11194137833271847,0.001962045691169298,1.0178401309049956,0.017840130904995588
American Robin,5.844762008180297,0.8098133453385745,0.9999997145356889,new,86.05515832482124,low,0,0.34445848918629257,0.4918517907215149,0.14739330153522234,1.4278985891258091,0.42789858912580914
American Robin,5.844762008180297,0.8098133453385745,0.9999997145356889,new,86.05515832482124,medium,197,0.5153115538713685,0.6361457156509284,0.12083416177955986,1.2344875849799446,0.2344875849799446
American Robin,5.844762008180297,0.8098133453385745,0.9999997145356889,new,86.05515832482124,high,2598,0.5853822677477988,0.6956428000032032,0.11026053225540444,1.1883564609492205,0.18835646094922054
American Tree Sparrow,5.545366994528521,0.08148680562613554,0.8415274384672282,new,86.05515832482124,low,0,0.05208228479368015,0.04943347593773591,-0.0026488088559442416,0.9491418460914822,-0.05085815390851778
American Tree Sparrow,5.545366994528521,0.08148680562613554,0.8415274384672282,new,86.05515832482124,medium,197,0.062260285340372985,0.058463642026802286,-0.0037966433135706995,0.9390198214991355,-0.06098017850086446
American Tree Sparrow,5.545366994528521,0.08148680562613554,0.8415274384672282,new,86.05515832482124,high,2598,0.06390624883047191,0.061343287926138336,-0.0025629609043335763,0.9598949875600976,-0.04010501243990239
American Wigeon,4.416906412367535,0.01267153939534051,0.35852692874314457,new,86.05515832482124,low,0,0.019819820972124775,0.009655367652561262,-0.010164453319563513,0.487157157783659,-0.512842842216341
American Wigeon,4.416906412367535,0.01267153939534051,0.35852692874314457,new,86.05515832482124,medium,197,0.02348854997540933,0.01349822636530706,-0.009990323610102271,0.5746726119508715,-0.4253273880491285
American Wigeon,4.416906412367535,0.01267153939534051,0.35852692874314457,new,86.05515832482124,high,2598,0.025005526680344396,0.015577916601630198,-0.009427610078714198,0.622978943845851,-0.37702105615414905
Bald Eagle,3.6030552463403556,0.10376653623956629,0.7775575165582499,new,86.05515832482124,low,0,0.089187081459545,0.06858366884011342,-0.020603412619431577,0.7689865809906873,-0.23101341900931271
Bald Eagle,3.6030552463403556,0.10376653623956629,0.7775575165582499,new,86.05515832482124,medium,197,0.1011853668091148,0.08069742416911914,-0.020487942639995663,0.7975206960642247,-0.2024793039357753
Bald Eagle,3.6030552463403556,0.10376653623956629,0.7775575165582499,new,86.05515832482124,high,2598,0.10248391887632427,0.08469473054311195,-0.017789188333212316,0.826419710250542,-0.17358028974945805
Baltimore Oriole,5.791328365896394,0.3697950872656102,0.9974100856369821,new,86.05515832482124,low,0,0.12985556001416163,0.14055887897763758,0.010703318963475955,1.0824248030835852,0.08242480308358524
Baltimore Oriole,5.791328365896394,0.3697950872656102,0.9974100856369821,new,86.05515832482124,medium,197,0.1729655253819022,0.17818698398258062,0.005221458600678408,1.0301878573152055,0.030187857315205457
Baltimore Oriole,5.791328365896394,0.3697950872656102,0.9974100856369821,new,86.05515832482124,high,2598,0.18736717074981063,0.19470086271799372,0.0073336919681830925,1.0391407520262752,0.039140752026275205
Bank Swallow,5.071058393315916,0.03600823571282537,0.5737201065955704,new,86.05515832482124,low,0,0.028374357741489387,0.01889479889406183,-0.009479558847427558,0.665911068937909,-0.33408893106209103
Bank Swallow,5.071058393315916,0.03600823571282537,0.5737201065955704,new,86.05515832482124,medium,197,0.03514713626160832,0.025116209704035126,-0.010030926557573195,0.7146018815612551,-0.28539811843874485
Bank Swallow,5.071058393315916,0.03600823571282537,0.5737201065955704,new,86.05515832482124,high,2598,0.03743953697178154,0.02794421856580672,-0.009495318405974819,0.7463825897972106,-0.2536174102027894
Barn Swallow,4.816946705376345,0.28572355971076124,0.9746852519786738,new,86.05515832482124,low,0,0.14019443044929175,0.12490007337889994,-0.015294357070391812,0.8909061007532408,-0.10909389924675916
Barn Swallow,4.816946705376345,0.28572355971076124,0.9746852519786738,new,86.05515832482124,medium,197,0.17178840197908252,0.1503768809825492,-0.021411520996533318,0.8753610793868352,-0.12463892061316484
Barn Swallow,4.816946705376345,0.28572355971076124,0.9746852519786738,new,86.05515832482124,high,2598,0.18005598302661602,0.16061553587960206,-0.019440447147013956,0.8920310959945149,-0.10796890400548509
Belted Kingfisher,5.094194630622203,0.134456134971769,0.9085616263172374,new,86.05515832482124,low,0,0.07446761765369785,0.0708611342721768,-0.0036064833815210445,0.9515697762980342,-0.04843022370196581
Belted Kingfisher,5.094194630622203,0.134456134971769,0.9085616263172374,new,86.05515832482124,medium,197,0.0870326299888783,0.0820260808168896,-0.0050065491719887,0.9424750329545543,-0.05752496704544574
Belted Kingfisher,5.094194630622203,0.134456134971769,0.9085616263172374,new,86.05515832482124,high,2598,0.08867037522778946,0.08555964108445185,-0.0031107341433376096,0.9649179995534438,-0.03508200044655618
Black-and-white Warbler,5.9374143198254945,0.04976329853751174,0.744495634605655,new,86.05515832482124,low,0,0.0394943044111328,0.0353047799330415,-0.004189524478091303,0.8939207933762129,-0.10607920662378711
Black-and-white Warbler,5.9374143198254945,0.04976329853751174,0.744495634605655,new,86.05515832482124,medium,197,0.04935667046879938,0.04411283126869861,-0.005243839200100769,0.8937562207844705,-0.10624377921552952
Black-and-white Warbler,5.9374143198254945,0.04976329853751174,0.744495634605655,new,86.05515832482124,high,2598,0.05192008606762533,0.047409760277162705,-0.0045103257904626284,0.9131294623705365,-0.0868705376294635
Blue Jay,6.570130439077152,0.7222500945597734,0.9999554386978505,new,86.05515832482124,low,0,0.19607819131014828,0.2776894935282625,0.08161130221811422,1.416218150895858,0.416218150895858
Blue Jay,6.570130439077152,0.7222500945597734,0.9999554386978505,new,86.05515832482124,medium,197,0.3157754568729712,0.39459733218002363,0.07882187530705242,1.249613684634017,0.2496136846340169
Blue Jay,6.570130439077152,0.7222500945597734,0.9999554386978505,new,86.05515832482124,high,2598,0.37041887686316877,0.4507312352477555,0.08031235838458672,1.2168149719169248,0.21681497191692478
Blue-gray Gnatcatcher,5.763276262998717,0.18165540390300963,0.929147445213105,new,86.05515832482124,low,0,0.07807610900902939,0.07478203510792854,-0.003294073901100855,0.9578094510227206,-0.04219054897727936
Blue-gray Gnatcatcher,5.763276262998717,0.18165540390300963,0.929147445213105,new,86.05515832482124,medium,197,0.09649012917852724,0.08946586214409948,-0.007024267034427767,0.927202221675635,-0.07279777832436496
Blue-gray Gnatcatcher,5.763276262998717,0.18165540390300963,0.929147445213105,new,86.05515832482124,high,2598,0.10054646053167128,0.09473716577858748,-0.005809294753083796,0.9422227821609502,-0.057777217839049766
Blue-headed Vireo,6.650074182258848,0.028016814886703687,0.5973542515791693,new,86.05515832482124,low,0,0.01763402241603542,0.014949627191633568,-0.002684395224401852,0.8477718151270575,-0.15222818487294254
Blue-headed Vireo,6.650074182258848,0.028016814886703687,0.5973542515791693,new,86.05515832482124,medium,197,0.023158772283006227,0.020445683614337178,-0.0027130886686690496,0.8828483377480292,-0.11715166225197082
Blue-headed Vireo,6.650074182258848,0.028016814886703687,0.5973542515791693,new,86.05515832482124,high,2598,0.02537913839850958,0.0230735930565424,-0.0023055453419671794,0.9091558859971947,-0.09084411400280534
Blue-winged Teal,4.077752426519479,0.03718605044498838,0.5835511744689058,new,86.05515832482124,low,0,0.057484595872163195,0.03906176531925596,-0.018422830552907235,0.6795170902153206,-0.3204829097846794
Blue-winged Teal,4.077752426519479,0.03718605044498838,0.5835511744689058,new,86.05515832482124,medium,197,0.068718665285476,0.050419274619889785,-0.018299390665586217,0.7337056738578146,-0.2662943261421854
Blue-winged Teal,4.077752426519479,0.03718605044498838,0.5835511744689058,new,86.05515832482124,high,2598,0.07183342827738173,0.05524739521139767,-0.016586033065984065,0.7691042532184625,-0.23089574678153746
Bobolink,6.069041013513319,0.025064972693426436,0.4655328875560323,new,86.05515832482124,low,0,0.016909077237192982,0.011447185854247838,-0.005461891382945144,0.6769846570378636,-0.3230153429621364
Bobolink,6.069041013513319,0.025064972693426436,0.4655328875560323,new,86.05515832482124,medium,197,0.021603402368977242,0.01621854376385208,-0.005384858605125161,0.7507402531715149,-0.24925974682848506
Bobolink,6.069041013513319,0.025064972693426436,0.4655328875560323,new,86.05515832482124,high,2598,0.02369650855172085,0.018764550422067528,-0.004931958129653323,0.7918698394369511,-0.2081301605630489
Brown Creeper,6.145236846678038,0.09897696650812045,0.8657807290108047,new,86.05515832482124,low,0,0.0405745239093694,0.038934594613787406,-0.0016399292955819947,0.9595822911133824,-0.040417708886617554
Brown Creeper,6.145236846678038,0.09897696650812045,0.8657807290108047,new,86.05515832482124,medium,197,0.05000814819698549,0.04661380875854359,-0.003394339438441904,0.9321242725271216,-0.0678757274728784
Brown Creeper,6.145236846678038,0.09897696650812045,0.8657807290108047,new,86.05515832482124,high,2598,0.051901928890390095,0.0491706570520213,-0.0027312718383687984,0.9473762941616894,-0.05262370583831055
Brown Thrasher,6.700356094364317,0.13209204319019835,0.9152170891554067,new,86.05515832482124,low,0,0.049612282987511754,0.05018626023541314,5.739772479013833e-4,1.0115692569125647,0.011569256912564718
Brown Thrasher,6.700356094364317,0.13209204319019835,0.9152170891554067,new,86.05515832482124,medium,197,0.06305331150812853,0.060455606582461435,-0.002597704925667091,0.9588014512872618,-0.0411985487127382
Brown Thrasher,6.700356094364317,0.13209204319019835,0.9152170891554067,new,86.05515832482124,high,2598,0.06613662867762846,0.06399720275768847,-0.0021394259199399857,0.9676514215690031,-0.03234857843099692
Brown-headed Cowbird,5.62015942971933,0.5374107357451828,0.9998038418699118,new,86.05515832482124,low,0,0.1400270909590899,0.1602909863885565,0.020263895429466577,1.144714107039379,0.14471410703937893
Brown-headed Cowbird,5.62015942971933,0.5374107357451828,0.9998038418699118,new,86.05515832482124,medium,197,0.20140743867260325,0.21791353164867494,0.016506092976071696,1.0819537405612067,0.08195374056120674
Brown-headed Cowbird,5.62015942971933,0.5374107357451828,0.9998038418699118,new,86.05515832482124,high,2598,0.22661315507868784,0.24595942699472792,0.019346271916040075,1.0853713541445658,0.08537135414456576
Bufflehead,2.6289849440127027,0.038777148313449354,0.6327832154336467,new,86.05515832482124,low,0,0.0724746409798983,0.04762475560492197,-0.024849885374976323,0.6571230289796298,-0.3428769710203702
Bufflehead,2.6289849440127027,0.038777148313449354,0.6327832154336467,new,86.05515832482124,medium,197,0.0796405595395077,0.057132173225342836,-0.022508386314164866,0.7173753368345056,-0.2826246631654944
Bufflehead,2.6289849440127027,0.038777148313449354,0.6327832154336467,new,86.05515832482124,high,2598,0.07995886368129226,0.06043877229972471,-0.01952009138156755,0.7558733268224945,-0.24412667317750547
Canada Goose,4.710612284122667,0.3487601366382886,0.9898743219542111,new,86.05515832482124,low,0,0.27149611054200345,0.27586047103489575,0.004364360492892294,1.0160752228979615,0.016075222897961483
Canada Goose,4.710612284122667,0.3487601366382886,0.9898743219542111,new,86.05515832482124,medium,197,0.33968433024991024,0.3335498494516752,-0.006134480798235031,0.981940642378994,-0.018059357621005967
Canada Goose,4.710612284122667,0.3487601366382886,0.9898743219542111,new,86.05515832482124,high,2598,0.3603018923362174,0.35723559301481006,-0.0030662993214073397,0.9914896385874488,-0.008510361412551237
Canvasback,1.7487965381171566,0.009938529474831299,0.30583992389861464,new,86.05515832482124,low,0,0.025154713279891834,0.010709066546363442,-0.014445646733528392,0.4257280306559507,-0.5742719693440492
Canvasback,1.7487965381171566,0.009938529474831299,0.30583992389861464,new,86.05515832482124,medium,197,0.02720916381694226,0.014332105929842126,-0.012877057887100132,0.5267381984343815,-0.4732618015656185
Canvasback,1.7487965381171566,0.009938529474831299,0.30583992389861464,new,86.05515832482124,high,2598,0.027731634665749915,0.01617165665578014,-0.011559978009969774,0.5831483376547226,-0.4168516623452774
Cedar Waxwing,4.927893679794681,0.42486052062662444,0.998982581635751,new,86.05515832482124,low,0,0.09725453397883849,0.10691407586737733,0.009659541888538847,1.0993222782872072,0.09932227828720719
Cedar Waxwing,4.927893679794681,0.42486052062662444,0.998982581635751,new,86.05515832482124,medium,197,0.12806862529624097,0.13743423483372677,0.009365609537485803,1.0731296171550355,0.07312961715503552
Cedar Waxwing,4.927893679794681,0.42486052062662444,0.998982581635751,new,86.05515832482124,high,2598,0.13904574365356143,0.15159197140476063,0.012546227751199207,1.0902309371113055,0.09023093711130548
Chestnut-sided Warbler,6.198582283913689,0.055930007862271335,0.7733689398987755,new,86.05515832482124,low,0,0.03755757411179173,0.03339664462705672,-0.00416092948473501,0.8892119743317334,-0.11078802566826662
Chestnut-sided Warbler,6.198582283913689,0.055930007862271335,0.7733689398987755,new,86.05515832482124,medium,197,0.04722230679770616,0.04144271248017698,-0.005779594317529176,0.8776088101267869,-0.12239118987321307
Chestnut-sided Warbler,6.198582283913689,0.055930007862271335,0.7733689398987755,new,86.05515832482124,high,2598,0.049686348679042036,0.04438066270702626,-0.005305685972015778,0.8932164243686165,-0.10678357563138352
Chimney Swift,6.581191281337743,0.1588566519234863,0.8885612727454819,new,86.05515832482124,low,0,0.06338980271177126,0.0576127043489324,-0.0057770983628388645,0.9088639163446067,-0.09113608365539327
Chimney Swift,6.581191281337743,0.1588566519234863,0.8885612727454819,new,86.05515832482124,medium,197,0.0827855453737307,0.0714099046116716,-0.011375640762059103,0.8625890460622756,-0.1374109539377244
Chimney Swift,6.581191281337743,0.1588566519234863,0.8885612727454819,new,86.05515832482124,high,2598,0.08810666948988631,0.07659083658772721,-0.011515832902159101,0.8692966949172787,-0.13070330508272132
Chipping Sparrow,6.399813067626486,0.4012331130065786,0.997191336859181,new,86.05515832482124,low,0,0.10245905866178277,0.10369862286734378,0.0012395642055610112,1.0120981416553203,0.012098141655320305
Chipping Sparrow,6.399813067626486,0.4012331130065786,0.997191336859181,new,86.05515832482124,medium,197,0.143772512984887,0.1363518946174775,-0.007420618367409509,0.9483863903235138,-0.051613609676486205
Chipping Sparrow,6.399813067626486,0.4012331130065786,0.997191336859181,new,86.05515832482124,high,2598,0.15884576356613764,0.15133562304012543,-0.0075101405260122045,0.9527205488052864,-0.04727945119471355
Common Goldeneye,4.137054817432024,0.02408472005474827,0.5129955373681165,new,86.05515832482124,low,0,0.028912193128104485,0.0173091498333242,-0.011603043294780284,0.598679932602505,-0.40132006739749504
Common Goldeneye,4.137054817432024,0.02408472005474827,0.5129955373681165,new,86.05515832482124,medium,197,0.03438775347057059,0.02291460885004831,-0.01147314462052228,0.6663595768086124,-0.33364042319138765
Common Goldeneye,4.137054817432024,0.02408472005474827,0.5129955373681165,new,86.05515832482124,high,2598,0.03611130015344116,0.02549865526473302,-0.010612644888708143,0.7061129108170083,-0.29388708918299167
Common Grackle,5.037232931337437,0.46234301965125035,0.9946186758748001,new,86.05515832482124,low,0,0.2019770454174994,0.1921895197527059,-0.00978752566479349,0.9515413959811024,-0.048458604018897566
Common Grackle,5.037232931337437,0.46234301965125035,0.9946186758748001,new,86.05515832482124,medium,197,0.27018588888913153,0.2480800955798044,-0.022105793309327132,0.9181830205855123,-0.08181697941448773
Common Grackle,5.037232931337437,0.46234301965125035,0.9946186758748001,new,86.05515832482124,high,2598,0.29512905278150836,0.27374774239502,-0.021381310386488384,0.9275526750586717,-0.07244732494132833
Common Loon,5.433196650346831,0.030297045347344207,0.503220416425762,new,86.05515832482124,low,0,0.02423673995315986,0.01713646215205828,-0.0071002778011015795,0.7070448494796066,-0.29295515052039345
Common Loon,5.433196650346831,0.030297045347344207,0.503220416425762,new,86.05515832482124,medium,197,0.030552270391284584,0.023702724395504388,-0.0068495459957801964,0.7758089363553775,-0.2241910636446225
Common Loon,5.433196650346831,0.030297045347344207,0.503220416425762,new,86.05515832482124,high,2598,0.033097489186287354,0.027004776168299237,-0.0060927130179881175,0.8159161565490474,-0.18408384345095263
Common Merganser,3.265307707001119,0.02931315454368588,0.5574158945465627,new,86.05515832482124,low,0,0.04412491246175139,0.027557813800453627,-0.016567098661297762,0.6245409285364917,-0.3754590714635083
Common Merganser,3.265307707001119,0.02931315454368588,0.5574158945465627,new,86.05515832482124,medium,197,0.0504481970538978,0.03493091959169332,-0.015517277462204486,0.6924116545606942,-0.3075883454393058
Common Merganser,3.265307707001119,0.02931315454368588,0.5574158945465627,new,86.05515832482124,high,2598,0.0517743838317269,0.03797102685256203,-0.01380335697916487,0.7333940849199196,-0.26660591508008036
Common Yellowthroat,6.526924558091206,0.40222748916205664,0.9938221363273608,new,86.05515832482124,low,0,0.11049877168927814,0.13816919192366994,0.0276704202343918,1.2504138264287756,0.25041382642877563
Common Yellowthroat,6.526924558091206,0.40222748916205664,0.9938221363273608,new,86.05515832482124,medium,197,0.156464981364855,0.18145732574055076,0.024992344375695752,1.1597312328783462,0.15973123287834623
Common Yellowthroat,6.526924558091206,0.40222748916205664,0.9938221363273608,new,86.05515832482124,high,2598,0.17341427392892597,0.20111130889198323,0.027697034963057254,1.159716004545329,0.15971600454532897
Dark-eyed Junco,5.95981208369217,0.2134183471047446,0.9804679826484488,new,86.05515832482124,low,0,0.09530993039368951,0.0895819156628849,-0.005728014730804615,0.9399011760144579,-0.060098823985542116
Dark-eyed Junco,5.95981208369217,0.2134183471047446,0.9804679826484488,new,86.05515832482124,medium,197,0.11829082611484754,0.10658041365807834,-0.011710412456769195,0.901003206745723,-0.09899679325427702
Dark-eyed Junco,5.95981208369217,0.2134183471047446,0.9804679826484488,new,86.05515832482124,high,2598,0.12349578267778659,0.11281190311531822,-0.01068387956246837,0.9134878994990159,-0.08651210050098412
Double-crested Cormorant,2.1982454579937256,0.06275755581192088,0.6735013888713663,new,86.05515832482124,low,0,0.07776493936917969,0.05383199570488122,-0.02393294366429847,0.6922399238212005,-0.3077600761787995
Double-crested Cormorant,2.1982454579937256,0.06275755581192088,0.6735013888713663,new,86.05515832482124,medium,197,0.08369465508818946,0.06306598703960993,-0.020628668048579532,0.7535246662186134,-0.24647533378138664
Double-crested Cormorant,2.1982454579937256,0.06275755581192088,0.6735013888713663,new,86.05515832482124,high,2598,0.08328778833523852,0.06604932491581904,-0.01723846341941948,0.7930253190295605,-0.20697468097043947
Eastern Bluebird,5.00456165470957,0.21972466912478647,0.9415102712091907,new,86.05515832482124,low,0,0.09716005474304965,0.10000646852252265,0.002846413779473006,1.0292961319031844,0.029296131903184364
Eastern Bluebird,5.00456165470957,0.21972466912478647,0.9415102712091907,new,86.05515832482124,medium,197,0.11731530067957935,0.11891045754011252,0.0015951568605331728,1.0135971765941254,0.013597176594125404
Eastern Bluebird,5.00456165470957,0.21972466912478647,0.9415102712091907,new,86.05515832482124,high,2598,0.1216893464548282,0.12593557813934309,0.004246231684514878,1.0348940298244687,0.03489402982446865
Eastern Kingbird,4.9635016293149565,0.27296641142476774,0.982697253898388,new,86.05515832482124,low,0,0.10253740242257278,0.10581398090718483,0.003276578484612047,1.0319549589437496,0.031954958943749556
Eastern Kingbird,4.9635016293149565,0.27296641142476774,0.982697253898388,new,86.05515832482124,medium,197,0.12486037822540964,0.12666634105290048,0.001805962827490834,1.0144638583765182,0.014463858376518202
Eastern Kingbird,4.9635016293149565,0.27296641142476774,0.982697253898388,new,86.05515832482124,high,2598,0.13035077210980603,0.1349188696557722,0.004568097545966182,1.0350446527629162,0.03504465276291624
Eastern Meadowlark,6.591238653377657,0.06155966446131483,0.6575087580379365,new,86.05515832482124,low,0,0.03220872779359966,0.02660243150825443,-0.005606296285345227,0.8259385989638721,-0.17406140103612788
Eastern Meadowlark,6.591238653377657,0.06155966446131483,0.6575087580379365,new,86.05515832482124,medium,197,0.04309532256044759,0.03599873755844848,-0.007096585001999112,0.835328184583255,-0.16467181541674503
Eastern Meadowlark,6.591238653377657,0.06155966446131483,0.6575087580379365,new,86.05515832482124,high,2598,0.04727744578937033,0.04028994795910396,-0.006987497830266365,0.8522022982925739,-0.14779770170742612
Eastern Phoebe,5.760849662283001,0.23493906090808767,0.9814072665221045,new,86.05515832482124,low,0,0.08009052738564325,0.0821845172904747,0.0020939899048314503,1.0261452880032702,0.026145288003270206
Eastern Phoebe,5.760849662283001,0.23493906090808767,0.9814072665221045,new,86.05515832482124,medium,197,0.09930626808156852,0.09839968953424984,-9.065785473186816e-4,0.9908708829278124,-0.009129117072187554
Eastern Phoebe,5.760849662283001,0.23493906090808767,0.9814072665221045,new,86.05515832482124,high,2598,0.10382986652510831,0.10454746333057788,7.175968054695669e-4,1.006911275430524,0.006911275430524055
Eastern Towhee,7.092246682866566,0.13691702583407742,0.8392329501800551,new,86.05515832482124,low,0,0.05384014920184483,0.056624553794269006,0.0027844045924241764,1.0517161381181457,0.05171613811814568
Eastern Towhee,7.092246682866566,0.13691702583407742,0.8392329501800551,new,86.05515832482124,medium,197,0.07333822339855534,0.07278252110386932,-5.557022946860168e-4,0.9924227467078652,-0.007577253292134767
Eastern Towhee,7.092246682866566,0.13691702583407742,0.8392329501800551,new,86.05515832482124,high,2598,0.07965913136501099,0.07923846379138297,-4.2066757362801965e-4,0.9947191543967452,-0.0052808456032548134
Eastern Wood-Pewee,6.67811248126038,0.3432397632579541,0.9949651613926458,new,86.05515832482124,low,0,0.08503339907960172,0.10874682160368528,0.023713422524083552,1.2788718642410715,0.27887186424107147
Eastern Wood-Pewee,6.67811248126038,0.3432397632579541,0.9949651613926458,new,86.05515832482124,medium,197,0.11755926113336862,0.13981265969007334,0.022253398556704718,1.1892951549896071,0.18929515498960714
Eastern Wood-Pewee,6.67811248126038,0.3432397632579541,0.9949651613926458,new,86.05515832482124,high,2598,0.12862881558255693,0.15337961024749605,0.024750794664939124,1.1924202951946914,0.1924202951946914
European Starling,5.182617059519492,0.40244755302508295,0.9855929524644013,new,86.05515832482124,low,0,0.15124791960924602,0.13157920647076912,-0.0196687131384769,0.8699571327044255,-0.13004286729557446
European Starling,5.182617059519492,0.40244755302508295,0.9855929524644013,new,86.05515832482124,medium,197,0.19965189415677081,0.1683633556559386,-0.031288538500832214,0.8432845396584928,-0.15671546034150718
European Starling,5.182617059519492,0.40244755302508295,0.9855929524644013,new,86.05515832482124,high,2598,0.2163863434381544,0.18499989551050858,-0.03138644792764583,0.8549518078223064,-0.1450481921776936
Field Sparrow,6.859587630591721,0.1527641478231256,0.8641001633510573,new,86.05515832482124,low,0,0.05752939407457425,0.06253386674123515,0.005004472666660903,1.0869898379283067,0.08698983792830672
Field Sparrow,6.859587630591721,0.1527641478231256,0.8641001633510573,new,86.05515832482124,medium,197,0.0770672130916319,0.07918893432402334,0.0021217212323914325,1.0275307896481054,0.027530789648105403
Field Sparrow,6.859587630591721,0.1527641478231256,0.8641001633510573,new,86.05515832482124,high,2598,0.08299370718127365,0.08568764823787116,0.0026939410565975097,1.0324595821549873,0.03245958215498734
Gadwall,4.608942339952197,0.01986006158518502,0.44074924782562924,new,86.05515832482124,low,0,0.027807752986513324,0.015000227438588386,-0.012807525547924938,0.5394260890429893,-0.4605739109570107
Gadwall,4.608942339952197,0.01986006158518502,0.44074924782562924,new,86.05515832482124,medium,197,0.03379597150709116,0.020676290508893545,-0.013119680998197616,0.6117974890751459,-0.38820251092485414
Gadwall,4.608942339952197,0.01986006158518502,0.44074924782562924,new,86.05515832482124,high,2598,0.036142068863533064,0.02357938354337293,-0.012562685320160135,0.6524082401703423,-0.34759175982965773
Golden-crowned Kinglet,5.942813085480707,0.10440484458316332,0.8986855141257457,new,86.05515832482124,low,0,0.04458280616194762,0.046681983195656966,0.0020991770337093485,1.047084901432271,0.047084901432270954
Golden-crowned Kinglet,5.942813085480707,0.10440484458316332,0.8986855141257457,new,86.05515832482124,medium,197,0.053582382238023286,0.05463873825185504,0.0010563560138317565,1.0197146145749776,0.019714614574977585
Golden-crowned Kinglet,5.942813085480707,0.10440484458316332,0.8986855141257457,new,86.05515832482124,high,2598,0.05498447932551329,0.05711881137658198,0.0021343320510686867,1.0388169912173442,0.038816991217344166
Gray Catbird,6.628923982314131,0.5427523654615336,0.9998493113543401,new,86.05515832482124,low,0,0.1202385997987872,0.15676862358069404,0.03653002378190684,1.3038127842725868,0.30381278427258684
Gray Catbird,6.628923982314131,0.5427523654615336,0.9998493113543401,new,86.05515832482124,medium,197,0.18366228591777828,0.21866380183114031,0.035001515913362036,1.1905754125756198,0.19057541257561983
Gray Catbird,6.628923982314131,0.5427523654615336,0.9998493113543401,new,86.05515832482124,high,2598,0.21081922245718698,0.24901894911918185,0.038199726661994865,1.181196601603786,0.18119660160378603
Great Blue Heron,3.7950242796002094,0.18917414888963766,0.9381940589679041,new,86.05515832482124,low,0,0.134557600898567,0.12879349139956278,-0.005764109499004216,0.9571625128531435,-0.042837487146856534
Great Blue Heron,3.7950242796002094,0.18917414888963766,0.9381940589679041,new,86.05515832482124,medium,197,0.1514911676506805,0.1467148561753362,-0.004776311475344297,0.9684713534827465,-0.03152864651725351
Great Blue Heron,3.7950242796002094,0.18917414888963766,0.9381940589679041,new,86.05515832482124,high,2598,0.1533442862537432,0.1527303520343431,-6.139342194000919e-4,0.995996367165685,-0.004003632834315041
Great Crested Flycatcher,6.695225525726343,0.280140571653124,0.9897481841893273,new,86.05515832482124,low,0,0.08171760726120088,0.09029453170972725,0.008576924448526368,1.1049580957640037,0.10495809576400372
Great Crested Flycatcher,6.695225525726343,0.280140571653124,0.9897481841893273,new,86.05515832482124,medium,197,0.10933612568993131,0.11291339610585245,0.0035772704159211383,1.0327181011156916,0.03271810111569162
Great Crested Flycatcher,6.695225525726343,0.280140571653124,0.9897481841893273,new,86.05515832482124,high,2598,0.11769770476647545,0.12220029813440468,0.004502593367929228,1.0382555749652285,0.03825557496522847
Green Heron,4.575615977424909,0.1317777141510131,0.9047694680925609,new,86.05515832482124,low,0,0.07570019443581608,0.06913763501816766,-0.0065625594176484114,0.9133085526852562,-0.08669144731474376
Green Heron,4.575615977424909,0.1317777141510131,0.9047694680925609,new,86.05515832482124,medium,197,0.08609801600511076,0.0789693211142184,-0.007128694890892365,0.9172025649177653,-0.0827974350822347
Green Heron,4.575615977424909,0.1317777141510131,0.9047694680925609,new,86.05515832482124,high,2598,0.08691116104225403,0.08195491411232324,-0.0049562469299307965,0.9429734124996766,-0.05702658750032341
Green-winged Teal,4.661936331054707,0.016213188932370348,0.40247257513361306,new,86.05515832482124,low,0,0.023211822200276844,0.012526779352119823,-0.01068504284815702,0.5396723809115864,-0.4603276190884136
Green-winged Teal,4.661936331054707,0.016213188932370348,0.40247257513361306,new,86.05515832482124,medium,197,0.028038171301423737,0.01745514991186374,-0.010583021389559997,0.6225495138114586,-0.3774504861885414
Green-winged Teal,4.661936331054707,0.016213188932370348,0.40247257513361306,new,86.05515832482124,high,2598,0.03001566614809709,0.020063435962489367,-0.009952230185607723,0.6684321401862785,-0.3315678598137215
Hermit Thrush,6.166719019622825,0.06537347942620435,0.8002583282168311,new,86.05515832482124,low,0,0.03360382666916867,0.03431205513610288,7.082284669342118e-4,1.021075827878377,0.021075827878376918
Hermit Thrush,6.166719019622825,0.06537347942620435,0.8002583282168311,new,86.05515832482124,medium,197,0.04184088998540217,0.04202919344461,1.8830345920783226e-4,1.0045004649584062,0.0045004649584061696
Hermit Thrush,6.166719019622825,0.06537347942620435,0.8002583282168311,new,86.05515832482124,high,2598,0.04375052775379878,0.0447429633526938,9.924355988950237e-4,1.022683968625015,0.022683968625015094
Horned Grebe,1.5006756623084971,0.01049846989022504,0.32957536384381964,new,86.05515832482124,low,0,0.02770059503949129,0.012736252587140987,-0.014964342452350303,0.45978263531825136,-0.5402173646817486
Horned Grebe,1.5006756623084971,0.01049846989022504,0.32957536384381964,new,86.05515832482124,medium,197,0.02977593109056955,0.01683458839786832,-0.012941342692701231,0.5653757172752212,-0.4346242827247788
Horned Grebe,1.5006756623084971,0.01049846989022504,0.32957536384381964,new,86.05515832482124,high,2598,0.030197272684722817,0.01884735766003159,-0.011349915024691227,0.6241410559426682,-0.3758589440573318
Horned Lark,5.615907724099531,0.030471178240737137,0.49107223115044357,new,86.05515832482124,low,0,0.020371436936032796,0.012747458178265978,-0.007623978757766818,0.6257515470456775,-0.3742484529543225
Horned Lark,5.615907724099531,0.030471178240737137,0.49107223115044357,new,86.05515832482124,medium,197,0.025795409396580416,0.017768523561567526,-0.00802688583501289,0.6888250265151062,-0.31117497348489376
Horned Lark,5.615907724099531,0.030471178240737137,0.49107223115044357,new,86.05515832482124,high,2598,0.028059029769795935,0.02034338420405747,-0.007715645565738463,0.7250209423119844,-0.27497905768801556
Indigo Bunting,6.482986456514842,0.2968788485539816,0.9850952341961076,new,86.05515832482124,low,0,0.08359376909296061,0.09387795347212959,0.010284184379168976,1.1230257289599233,0.12302572895992325
Indigo Bunting,6.482986456514842,0.2968788485539816,0.9850952341961076,new,86.05515832482124,medium,197,0.11183665527049612,0.11804374344410776,0.0062070881736116384,1.0555013752744906,0.055501375274490616
Indigo Bunting,6.482986456514842,0.2968788485539816,0.9850952341961076,new,86.05515832482124,high,2598,0.1205983283720359,0.1281458382877298,0.00754750991569389,1.0625838684298379,0.06258386842983787
Killdeer,5.2822773266920935,0.28526143303013113,0.9787404268447527,new,86.05515832482124,low,0,0.13310547288725144,0.11885637147178713,-0.014249101415464316,0.8929487938671449,-0.10705120613285513
Killdeer,5.2822773266920935,0.28526143303013113,0.9787404268447527,new,86.05515832482124,medium,197,0.1665333320470813,0.14438296180030916,-0.022150370246772133,0.866991370589343,-0.13300862941065705
Killdeer,5.2822773266920935,0.28526143303013113,0.9787404268447527,new,86.05515832482124,high,2598,0.17563548649390193,0.15468938345817548,-0.020946103035726443,0.8807410537935129,-0.11925894620648714
Lesser Scaup,0.8666895807072237,0.023379159724899158,0.5004455524129445,new,86.05515832482124,low,0,0.06325359423044277,0.03312196152411945,-0.030131632706323325,0.5236376197604036,-0.47636238023959643
Lesser Scaup,0.8666895807072237,0.023379159724899158,0.5004455524129445,new,86.05515832482124,medium,197,0.06605826971517519,0.04020218927340699,-0.025856080441768195,0.608586774172978,-0.391413225827022
Lesser Scaup,0.8666895807072237,0.023379159724899158,0.5004455524129445,new,86.05515832482124,high,2598,0.06538233887599157,0.04287020438459122,-0.022512134491400347,0.655684778513379,-0.34431522148662097
Mallard,4.038291523025226,0.3911764035425051,0.9837872481071375,new,86.05515832482124,low,0,0.25901185433867663,0.24306567757187952,-0.015946176766797104,0.9384345677632718,-0.06156543223672817
Mallard,4.038291523025226,0.3911764035425051,0.9837872481071375,new,86.05515832482124,medium,197,0.32124765445414444,0.2970548392164744,-0.02419281523767003,0.92469107586551,-0.07530892413448997
Mallard,4.038291523025226,0.3911764035425051,0.9837872481071375,new,86.05515832482124,high,2598,0.34112848322636075,0.3202361895461091,-0.02089229368025164,0.9387553525796078,-0.06124464742039215
Marsh Wren,7.312465996415564,0.047496152722528474,0.5979948759868824,new,86.05515832482124,low,0,0.02000811473070992,0.01835260901420327,-0.0016555057165066507,0.9172582855112451,-0.08274171448875489
Marsh Wren,7.312465996415564,0.047496152722528474,0.5979948759868824,new,86.05515832482124,medium,197,0.02745310545782711,0.025895279669092736,-0.0015578257887343752,0.943255024786632,-0.056744975213367965
Marsh Wren,7.312465996415564,0.047496152722528474,0.5979948759868824,new,86.05515832482124,high,2598,0.030783929343024038,0.029697795972910758,-0.0010861333701132798,0.9647175200407153,-0.035282479959284685
Mourning Dove,5.362197719596413,0.6849367545600007,0.9999132568513334,new,86.05515832482124,low,0,0.22830856097395552,0.24790992437209486,0.019601363398139338,1.085854701700719,0.08585470170071896
Mourning Dove,5.362197719596413,0.6849367545600007,0.9999132568513334,new,86.05515832482124,medium,197,0.3383340615471599,0.34513845479205374,0.006804393244893847,1.0201114638407325,0.02011146384073248
Mourning Dove,5.362197719596413,0.6849367545600007,0.9999132568513334,new,86.05515832482124,high,2598,0.3857980686693528,0.39254948837080667,0.006751419701453876,1.017499879469952,0.017499879469951907
Mute Swan,3.069836595053424,0.03274030509439555,0.3337500351961869,new,86.05515832482124,low,0,0.030396607228048975,0.01991253947768663,-0.010484067750362345,0.6550908569595887,-0.3449091430404113
Mute Swan,3.069836595053424,0.03274030509439555,0.3337500351961869,new,86.05515832482124,medium,197,0.0350803437603012,0.027722881772473916,-0.007357461987827281,0.7902682471386332,-0.2097317528613668
Mute Swan,3.069836595053424,0.03274030509439555,0.3337500351961869,new,86.05515832482124,high,2598,0.03685960661838208,0.031899499525999825,-0.004960107092382253,0.865432446316217,-0.13456755368378304
Nashville Warbler,6.617263932248673,0.05666496857603404,0.784260211756344,new,86.05515832482124,low,0,0.04192831695697395,0.04046131897558926,-0.0014669979813846934,0.9650117608371903,-0.03498823916280969
Nashville Warbler,6.617263932248673,0.05666496857603404,0.784260211756344,new,86.05515832482124,medium,197,0.05393220279807793,0.05064540009217899,-0.003286802705898942,0.9390567687693988,-0.06094323123060119
Nashville Warbler,6.617263932248673,0.05666496857603404,0.784260211756344,new,86.05515832482124,high,2598,0.05726236984228383,0.054431888214164545,-0.0028304816281192885,0.9505699530788683,-0.04943004692113173
Northern Flicker,5.846625067384146,0.4874901084024751,0.9992833710259594,new,86.05515832482124,low,0,0.12438923793823653,0.14948071232932153,0.025091474391085,1.2017174058381463,0.20171740583814635
Northern Flicker,5.846625067384146,0.4874901084024751,0.9992833710259594,new,86.05515832482124,medium,197,0.17687943620966926,0.2001840977279342,0.023304661518264935,1.1317544990964357,0.13175449909643566
Northern Flicker,5.846625067384146,0.4874901084024751,0.9992833710259594,new,86.05515832482124,high,2598,0.19760547242619136,0.22433025914959606,0.026724786723404698,1.1352431508868603,0.13524315088686034
Northern Harrier,3.6091815325707897,0.017056858942161388,0.37448690612479174,new,86.05515832482124,low,0,0.02163322039653478,0.01147196859727989,-0.01016125179925489,0.5302940748996149,-0.4697059251003851
Northern Harrier,3.6091815325707897,0.017056858942161388,0.37448690612479174,new,86.05515832482124,medium,197,0.02509822295100438,0.01574297054086035,-0.009355252410144028,0.6272543905436281,-0.3727456094563719
Northern Harrier,3.6091815325707897,0.017056858942161388,0.37448690612479174,new,86.05515832482124,high,2598,0.02637306253008659,0.017960904514016593,-0.008412158016069995,0.6810321893229752,-0.31896781067702484
Northern Rough-winged Swallow,4.953219382851767,0.12019732141149117,0.8694740988324423,new,86.05515832482124,low,0,0.06531603212184493,0.053673275732067253,-0.01164275638977768,0.8217473411725548,-0.17825265882744523
Northern Rough-winged Swallow,4.953219382851767,0.12019732141149117,0.8694740988324423,new,86.05515832482124,medium,197,0.07646747970630828,0.06270386719656608,-0.013763612509742201,0.8200069812343148,-0.1799930187656852
Northern Rough-winged Swallow,4.953219382851767,0.12019732141149117,0.8694740988324423,new,86.05515832482124,high,2598,0.07800352768109596,0.06559560862468236,-0.0124079190564136,0.8409313088102727,-0.15906869118972733
Northern Shoveler,2.7355926913318775,0.021492813355869278,0.4510497529378178,new,86.05515832482124,low,0,0.04289391816729425,0.0243044832928763,-0.01858943487441795,0.5666184002609485,-0.43338159973905155
Northern Shoveler,2.7355926913318775,0.021492813355869278,0.4510497529378178,new,86.05515832482124,medium,197,0.048696444087161006,0.031893786020987025,-0.01680265806617398,0.654951026072886,-0.345048973927114
Northern Shoveler,2.7355926913318775,0.021492813355869278,0.4510497529378178,new,86.05515832482124,high,2598,0.0502290624068649,0.03539777657159948,-0.014831285835265419,0.704727002166013,-0.29527299783398697
Orchard Oriole,6.262390744247775,0.061490798497643676,0.679948323363176,new,86.05515832482124,low,0,0.026544775911053555,0.023758268366894382,-0.002786507544159173,0.8950261417351487,-0.10497385826485128
Orchard Oriole,6.262390744247775,0.061490798497643676,0.679948323363176,new,86.05515832482124,medium,197,0.03459281477203545,0.031375971507675765,-0.003216843264359684,0.907008340155073,-0.09299165984492697
Orchard Oriole,6.262390744247775,0.061490798497643676,0.679948323363176,new,86.05515832482124,high,2598,0.037367279210051965,0.03467199224778375,-0.0026952869622682146,0.9278703984007707,-0.07212960159922932
Osprey,4.633207973653989,0.047619243241244516,0.6289709253913773,new,86.05515832482124,low,0,0.04062414613483047,0.033289715834638196,-0.007334430300192277,0.8194563825206443,-0.18054361747935566
Osprey,4.633207973653989,0.047619243241244516,0.6289709253913773,new,86.05515832482124,medium,197,0.04921308902176415,0.042765161874413454,-0.006447927147350693,0.8689794264997439,-0.1310205735002561
Osprey,4.633207973653989,0.047619243241244516,0.6289709253913773,new,86.05515832482124,high,2598,0.051581151416136575,0.046696276229991035,-0.00488487518614554,0.9052972829796629,-0.09470271702033706
Ovenbird,7.338095875588799,0.08252717313079723,0.8164966414179645,new,86.05515832482124,low,0,0.03677231730564607,0.035542260891144484,-0.001230056414501586,0.966549390829043,-0.03345060917095699
Ovenbird,7.338095875588799,0.08252717313079723,0.8164966414179645,new,86.05515832482124,medium,197,0.0494072679155904,0.045247871165573696,-0.004159396750016704,0.9158140709758976,-0.08418592902410238
Ovenbird,7.338095875588799,0.08252717313079723,0.8164966414179645,new,86.05515832482124,high,2598,0.05336606894664162,0.048993261165506376,-0.004372807781135246,0.9180601481906523,-0.08193985180934771
Pied-billed Grebe,4.889434572810841,0.04684682537128701,0.6612991022481244,new,86.05515832482124,low,0,0.04583532385634668,0.03515480468759126,-0.010680519168755419,0.7669806108007564,-0.2330193891992436
Pied-billed Grebe,4.889434572810841,0.04684682537128701,0.6612991022481244,new,86.05515832482124,medium,197,0.05580170508590214,0.04465046056452869,-0.011151244521373449,0.8001630146568636,-0.19983698534313643
Pied-billed Grebe,4.889434572810841,0.04684682537128701,0.6612991022481244,new,86.05515832482124,high,2598,0.05844566466223049,0.04844953257265178,-0.00999613208957871,0.8289670902478667,-0.17103290975213326
Pine Siskin,5.993990615880914,0.0038737985157548086,0.15789748697203398,new,86.05515832482124,low,0,0.006053138955750302,0.003365791822846887,-0.0026873471329034154,0.5560407331553961,-0.44395926684460385
Pine Siskin,5.993990615880914,0.0038737985157548086,0.15789748697203398,new,86.05515832482124,medium,197,0.006732790260780507,0.004859962673311355,-0.001872827587469152,0.7218348537635804,-0.27816514623641964
Pine Siskin,5.993990615880914,0.0038737985157548086,0.15789748697203398,new,86.05515832482124,high,2598,0.007052891300731566,0.005769488153113629,-0.0012834031476179368,0.8180316280381614,-0.18196837196183857
Pine Warbler,6.897393121000295,0.02749088556602835,0.5107541830269202,new,86.05515832482124,low,0,0.014999141172398617,0.012600555189648545,-0.0023985859827500722,0.8400851118620082,-0.15991488813799182
Pine Warbler,6.897393121000295,0.02749088556602835,0.5107541830269202,new,86.05515832482124,medium,197,0.01983265291898824,0.017966485550994254,-0.0018661673679939844,0.9059042995600819,-0.0940957004399181
Pine Warbler,6.897393121000295,0.02749088556602835,0.5107541830269202,new,86.05515832482124,high,2598,0.02206007605472884,0.020818864782751755,-0.0012412112719770857,0.9437349504644605,-0.05626504953553946
Red-breasted Merganser,2.3938912233278353,0.018205572137764425,0.4054107374163537,new,86.05515832482124,low,0,0.03532520915447564,0.017309607714892435,-0.018015601439583202,0.49000722512917777,-0.5099927748708222
Red-breasted Merganser,2.3938912233278353,0.018205572137764425,0.4054107374163537,new,86.05515832482124,medium,197,0.039499608461167436,0.022864495778161707,-0.01663511268300573,0.5788537321993984,-0.4211462678006016
Red-breasted Merganser,2.3938912233278353,0.018205572137764425,0.4054107374163537,new,86.05515832482124,high,2598,0.04059958905275029,0.025510740111575263,-0.015088848941175025,0.6283497125655542,-0.37165028743444584
Red-eyed Vireo,7.317294693204046,0.29622767692188523,0.9904295943202877,new,86.05515832482124,low,0,0.07766246005819395,0.09135169444783128,0.01368923438963733,1.1762657837439057,0.17626578374390567
Red-eyed Vireo,7.317294693204046,0.29622767692188523,0.9904295943202877,new,86.05515832482124,medium,197,0.10891841982189715,0.11711850084955962,0.008200081027662467,1.0752864487115328,0.07528644871153278
Red-eyed Vireo,7.317294693204046,0.29622767692188523,0.9904295943202877,new,86.05515832482124,high,2598,0.11934018948915892,0.12802766606314073,0.008687476573981806,1.07279590061964,0.07279590061963992
Red-headed Woodpecker,5.451362608735426,0.0433254816312538,0.553504081405373,new,86.05515832482124,low,0,0.028863557550090877,0.02317748457141736,-0.005686072978673518,0.8030016581010259,-0.19699834189897414
Red-headed Woodpecker,5.451362608735426,0.0433254816312538,0.553504081405373,new,86.05515832482124,medium,197,0.036693428442278665,0.03165767586864592,-0.005035752573632743,0.862761459274531,-0.13723854072546904
Red-headed Woodpecker,5.451362608735426,0.0433254816312538,0.553504081405373,new,86.05515832482124,high,2598,0.03968703518937945,0.03574005876426473,-0.003946976425114719,0.9005474607442846,-0.0994525392557154
Red-tailed Hawk,4.864488002845129,0.3201352618561223,0.9855169515572063,new,86.05515832482124,low,0,0.08572105911479178,0.07715492559252836,-0.008566133522263417,0.9000696723684639,-0.09993032763153609
Red-tailed Hawk,4.864488002845129,0.3201352618561223,0.9855169515572063,new,86.05515832482124,medium,197,0.10656304402688721,0.09462318490992287,-0.011939859116964338,0.8879549732649176,-0.11204502673508243
Red-tailed Hawk,4.864488002845129,0.3201352618561223,0.9855169515572063,new,86.05515832482124,high,2598,0.11249874328581655,0.10202206731289219,-0.010476675972924357,0.906872951048821,-0.09312704895117896
Red-winged Blackbird,5.672455801929754,0.6631874327880791,0.9999490770089718,new,86.05515832482124,low,0,0.3227724826990158,0.4131815338727553,0.09040905117373949,1.2801014833040945,0.28010148330409446
Red-winged Blackbird,5.672455801929754,0.6631874327880791,0.9999490770089718,new,86.05515832482124,medium,197,0.4650064028375188,0.5372257098492188,0.07221930701169998,1.1553081991366356,0.15530819913663563
Red-winged Blackbird,5.672455801929754,0.6631874327880791,0.9999490770089718,new,86.05515832482124,high,2598,0.5217392819835268,0.5909210650901041,0.0691817831065773,1.1325983791052974,0.13259837910529737
Redhead,3.0515710929009785,0.01842645238906308,0.43700559666944483,new,86.05515832482124,low,0,0.03338425919539759,0.01727234422835167,-0.016111914967045924,0.5173798863487395,-0.48262011365126045
Redhead,3.0515710929009785,0.01842645238906308,0.43700559666944483,new,86.05515832482124,medium,197,0.038199841206785774,0.022906635211243566,-0.015293205995542208,0.5996526291102607,-0.40034737088973926
Redhead,3.0515710929009785,0.01842645238906308,0.43700559666944483,new,86.05515832482124,high,2598,0.03961265748503236,0.025583765049001613,-0.014028892436030744,0.6458482382472935,-0.35415176175270646
Ring-billed Gull,4.816700467359714,0.14902662232535455,0.8655255387531368,new,86.05515832482124,low,0,0.11185113628608817,0.08552851612173872,-0.026322620164349456,0.764663810861764,-0.23533618913823595
Ring-billed Gull,4.816700467359714,0.14902662232535455,0.8655255387531368,new,86.05515832482124,medium,197,0.13388998530731516,0.10157205685171077,-0.0323179284556044,0.7586232578827635,-0.24137674211723648
Ring-billed Gull,4.816700467359714,0.14902662232535455,0.8655255387531368,new,86.05515832482124,high,2598,0.13817365401180753,0.10713499432587797,-0.03103865968592956,0.7753648486181225,-0.2246351513818775
Ring-necked Duck,3.64377101559253,0.033665585074119334,0.593155775515246,new,86.05515832482124,low,0,0.054137648032244814,0.03434934222577958,-0.019788305806465234,0.6344816125983316,-0.3655183874016684
Ring-necked Duck,3.64377101559253,0.033665585074119334,0.593155775515246,new,86.05515832482124,medium,197,0.06286844187019423,0.04334247187372419,-0.019525969996470043,0.6894153980022963,-0.31058460199770366
Ring-necked Duck,3.64377101559253,0.033665585074119334,0.593155775515246,new,86.05515832482124,high,2598,0.06479601929415967,0.04696453463798884,-0.017831484656170828,0.7248058622981173,-0.2751941377018827
Rose-breasted Grosbeak,6.092918303803128,0.24500728169956038,0.9747486797778215,new,86.05515832482124,low,0,0.09618424730939044,0.10148068846576883,0.005296441156378381,1.0550655778314886,0.05506557783148858
Rose-breasted Grosbeak,6.092918303803128,0.24500728169956038,0.9747486797778215,new,86.05515832482124,medium,197,0.12290934040303401,0.12353619685181838,6.268564487843659e-4,1.0051001530618326,0.005100153061832646
Rose-breasted Grosbeak,6.092918303803128,0.24500728169956038,0.9747486797778215,new,86.05515832482124,high,2598,0.12999446515230614,0.13211899642025002,0.0021245312679438744,1.0163432440408497,0.016343244040849747
Ruby-crowned Kinglet,5.834336651480051,0.12805118841784438,0.9312427041109596,new,86.05515832482124,low,0,0.06801766749290104,0.06572046971123896,-0.002297197781662083,0.966226454591348,-0.03377354540865196
Ruby-crowned Kinglet,5.834336651480051,0.12805118841784438,0.9312427041109596,new,86.05515832482124,medium,197,0.08145996734278271,0.07635591480310457,-0.005104052539678147,0.9373428113689225,-0.0626571886310775
Ruby-crowned Kinglet,5.834336651480051,0.12805118841784438,0.9312427041109596,new,86.05515832482124,high,2598,0.08353006928269714,0.0796962496204064,-0.0038338196622907383,0.9541025202635035,-0.045897479736496494
Ruby-throated Hummingbird,4.041812180095051,0.0778620368482477,0.775826650683601,new,86.05515832482124,low,0,0.07290209751633174,0.059918462911690416,-0.012983634604641324,0.8219031406917655,-0.1780968593082345
Ruby-throated Hummingbird,4.041812180095051,0.0778620368482477,0.775826650683601,new,86.05515832482124,medium,197,0.08304164220641432,0.0704233874389196,-0.012618254767494716,0.8480490699337343,-0.1519509300662657
Ruby-throated Hummingbird,4.041812180095051,0.0778620368482477,0.775826650683601,new,86.05515832482124,high,2598,0.08404736600790441,0.07377925106509563,-0.010268114942808784,0.8778294260662125,-0.1221705739337875
Ruddy Duck,0.49970329851075057,0.014294487909896729,0.37678012716586873,new,86.05515832482124,low,0,0.043256587053912006,0.018491585317611168,-0.024765001736300838,0.4274859987119312,-0.5725140012880687
Ruddy Duck,0.49970329851075057,0.014294487909896729,0.37678012716586873,new,86.05515832482124,medium,197,0.045080723187681165,0.023461413866744343,-0.021619309320936822,0.5204311778466644,-0.47956882215333563
Ruddy Duck,0.49970329851075057,0.014294487909896729,0.37678012716586873,new,86.05515832482124,high,2598,0.044891212521338646,0.025657656108844126,-0.01923355641249452,0.5715518621077117,-0.4284481378922883
Sandhill Crane,5.310654291018418,0.1837560214728298,0.8868949130132859,new,86.05515832482124,low,0,0.11641556970345047,0.11175485243771997,-0.004660717265730502,0.9599648287801802,-0.04003517121981981
Sandhill Crane,5.310654291018418,0.1837560214728298,0.8868949130132859,new,86.05515832482124,medium,197,0.14460269473281923,0.13549588583027494,-0.009106808902544283,0.9370218589676297,-0.06297814103237032
Sandhill Crane,5.310654291018418,0.1837560214728298,0.8868949130132859,new,86.05515832482124,high,2598,0.1514673804673388,0.1443049309831753,-0.007162449484163502,0.9527129243137076,-0.047287075686292424
Savannah Sparrow,6.0135858397402835,0.052889024375920295,0.6707437706795,new,86.05515832482124,low,0,0.032208344551383133,0.024663655199919927,-0.007544689351463206,0.7657535816711445,-0.2342464183288555
Savannah Sparrow,6.0135858397402835,0.052889024375920295,0.6707437706795,new,86.05515832482124,medium,197,0.04142695785243606,0.03233477282139898,-0.009092185031037078,0.780524916567041,-0.21947508343295896
Savannah Sparrow,6.0135858397402835,0.052889024375920295,0.6707437706795,new,86.05515832482124,high,2598,0.04449891084627342,0.03561388711475216,-0.008885023731521259,0.8003316584036048,-0.19966834159639524
Song Sparrow,6.090383922215321,0.7175397316666008,0.9999949334445072,new,86.05515832482124,low,0,0.200043607283244,0.2774418528137706,0.0773982455305266,1.3869068678657526,0.38690686786575257
Song Sparrow,6.090383922215321,0.7175397316666008,0.9999949334445072,new,86.05515832482124,medium,197,0.3138267025478557,0.39041100486226515,0.07658430231440944,1.2440337348372419,0.2440337348372419
Song Sparrow,6.090383922215321,0.7175397316666008,0.9999949334445072,new,86.05515832482124,high,2598,0.36514385155766904,0.44465024086619753,0.07950638930852849,1.217739909817355,0.21773990981735492
Sora,6.514100500124639,0.028248196787704613,0.5306933737812433,new,86.05515832482124,low,0,0.019331773218715747,0.014647687893719194,-0.004684085324996553,0.7577001720431041,-0.24229982795689586
Sora,6.514100500124639,0.028248196787704613,0.5306933737812433,new,86.05515832482124,medium,197,0.02533625084706565,0.020560866513283232,-0.004775384333782419,0.8115196931618837,-0.18848030683811634
Sora,6.514100500124639,0.028248196787704613,0.5306933737812433,new,86.05515832482124,high,2598,0.027957307733076888,0.02359435014378756,-0.00436295758928933,0.8439421409620419,-0.1560578590379581
Swamp Sparrow,6.594888438449781,0.17857218845835932,0.917772930356279,new,86.05515832482124,low,0,0.06476381410564469,0.06780141694470432,0.0030376028390596277,1.046902778673668,0.04690277867366799
Swamp Sparrow,6.594888438449781,0.17857218845835932,0.917772930356279,new,86.05515832482124,medium,197,0.08430768539064915,0.08349335427978548,-8.143311108636669e-4,0.9903409623085918,-0.00965903769140819
Swamp Sparrow,6.594888438449781,0.17857218845835932,0.917772930356279,new,86.05515832482124,high,2598,0.08954206152782941,0.0893798419886277,-1.6221953920171617e-4,0.9981883425908025,-0.0018116574091975313
Tennessee Warbler,7.135171174055714,0.06662958789363349,0.8197732553805952,new,86.05515832482124,low,0,0.04566751713992027,0.04716970155006735,0.0015021844101470797,1.0328939365270189,0.032893936527018885
Tennessee Warbler,7.135171174055714,0.06662958789363349,0.8197732553805952,new,86.05515832482124,medium,197,0.06014549993866146,0.0590865388183316,-0.0010589611203298613,0.9823933441170191,-0.017606655882980937
Tennessee Warbler,7.135171174055714,0.06662958789363349,0.8197732553805952,new,86.05515832482124,high,2598,0.06432814049025164,0.06349262884330395,-8.35511646947687e-4,0.9870117239425831,-0.012988276057416925
Tree Swallow,4.546203635614827,0.2832185837641457,0.9733256611393113,new,86.05515832482124,low,0,0.16138443971435293,0.1520532509215349,-0.009331188792818024,0.9421803687559096,-0.0578196312440904
Tree Swallow,4.546203635614827,0.2832185837641457,0.9733256611393113,new,86.05515832482124,medium,197,0.19529330129804023,0.181520209319608,-0.01377309197843224,0.9294748366334752,-0.07052516336652481
Tree Swallow,4.546203635614827,0.2832185837641457,0.9733256611393113,new,86.05515832482124,high,2598,0.20391070779231493,0.19322810167941698,-0.010682606112897952,0.9476113528879597,-0.052388647112040276
Turkey Vulture,1.6685440240941105,0.28603103899991383,0.9683007032504873,new,86.05515832482124,low,0,0.16978230711398537,0.1374203509951135,-0.03236195611887188,0.8093914691762004,-0.19060853082379958
Turkey Vulture,1.6685440240941105,0.28603103899991383,0.9683007032504873,new,86.05515832482124,medium,197,0.18495477930465443,0.15626719566175473,-0.028687583642899694,0.8448940668051298,-0.1551059331948702
Turkey Vulture,1.6685440240941105,0.28603103899991383,0.9683007032504873,new,86.05515832482124,high,2598,0.18746011022597212,0.1637475723936993,-0.023712537832272812,0.8735062205837352,-0.12649377941626483
Warbling Vireo,6.716108857564558,0.33890417345027557,0.9923246509015667,new,86.05515832482124,low,0,0.08318635584682196,0.09024768559475417,0.007061329747932207,1.0848856723683729,0.08488567236837286
Warbling Vireo,6.716108857564558,0.33890417345027557,0.9923246509015667,new,86.05515832482124,medium,197,0.11514982990049324,0.11633139787483826,0.0011815679743450158,1.0102611352128446,0.010261135212844552
Warbling Vireo,6.716108857564558,0.33890417345027557,0.9923246509015667,new,86.05515832482124,high,2598,0.12601859963768106,0.12775503944656474,0.0017364398088836885,1.0137792342866543,0.013779234286654285
White-crowned Sparrow,5.301299959045904,0.03194550610395535,0.6303661891692505,new,86.05515832482124,low,0,0.03426629483693282,0.027772473164403927,-0.0064938216725288905,0.8104895290421147,-0.1895104709578853
White-crowned Sparrow,5.301299959045904,0.03194550610395535,0.6303661891692505,new,86.05515832482124,medium,197,0.04241674219515708,0.03604083698678673,-0.00637590520837035,0.8496842313104773,-0.15031576868952268
White-crowned Sparrow,5.301299959045904,0.03194550610395535,0.6303661891692505,new,86.05515832482124,high,2598,0.04490064062900942,0.03954412439545963,-0.005356516233549789,0.8807028995909459,-0.11929710040905406
White-throated Sparrow,6.190000407471496,0.11545352553026784,0.914982561301921,new,86.05515832482124,low,0,0.07184826948039985,0.07770424672078138,0.0058559772403815324,1.081504777814851,0.08150477781485099
White-throated Sparrow,6.190000407471496,0.11545352553026784,0.914982561301921,new,86.05515832482124,medium,197,0.08812174877931599,0.09153399130884246,0.003412242529526474,1.038721911183036,0.03872191118303592
White-throated Sparrow,6.190000407471496,0.11545352553026784,0.914982561301921,new,86.05515832482124,high,2598,0.09113862059758554,0.09598948030950412,0.004850859711918579,1.0532250727530441,0.05322507275304411
Wood Duck,4.25945235315774,0.27290996004145335,0.9820116730458333,new,86.05515832482124,low,0,0.12719866392856086,0.12155575207971064,-0.005642911848850213,0.9556370194892969,-0.04436298051070309
Wood Duck,4.25945235315774,0.27290996004145335,0.9820116730458333,new,86.05515832482124,medium,197,0.1501186414452976,0.143222061446829,-0.006896579998468599,0.954059136613079,-0.04594086338692105
Wood Duck,4.25945235315774,0.27290996004145335,0.9820116730458333,new,86.05515832482124,high,2598,0.15529165050372498,0.1517094598438283,-0.003582190659896678,0.9769324967036089,-0.023067503296391068
Wood Thrush,8.047807572485862,0.10067819938179036,0.8428616688036802,new,86.05515832482124,low,0,0.03640687136625803,0.04112371631942015,0.0047168449531621165,1.1295591951780206,0.12955919517802061
Wood Thrush,8.047807572485862,0.10067819938179036,0.8428616688036802,new,86.05515832482124,medium,197,0.05110020883051181,0.05328794708788331,0.0021877382573714937,1.0428127067861452,0.04281270678614524
Wood Thrush,8.047807572485862,0.10067819938179036,0.8428616688036802,new,86.05515832482124,high,2598,0.05617545616851434,0.05814516557352693,0.001969709405012593,1.0350635230999083,0.035063523099908345
Yellow Warbler,5.936854939358163,0.3766748755404969,0.9958689213739629,new,86.05515832482124,low,0,0.12101425019856463,0.13929550136614552,0.018281251167580892,1.1510669292053155,0.1510669292053155
Yellow Warbler,5.936854939358163,0.3766748755404969,0.9958689213739629,new,86.05515832482124,medium,197,0.16324104644819626,0.1779402899179044,0.014699243469708134,1.0900462462691507,0.0900462462691507
Yellow Warbler,5.936854939358163,0.3766748755404969,0.9958689213739629,new,86.05515832482124,high,2598,0.17767447278344436,0.19503243421703903,0.017357961433594665,1.0976953028854692,0.09769530288546924
Yellow-rumped Warbler,5.011271028587066,0.12401522954857193,0.9299204303735215,new,86.05515832482124,low,0,0.09897698497176625,0.096423190092411,-0.0025537948793552534,0.9741980938287448,-0.025801906171255218
Yellow-rumped Warbler,5.011271028587066,0.12401522954857193,0.9299204303735215,new,86.05515832482124,medium,197,0.11378615913200271,0.1096328440602474,-0.004153315071755315,0.9634989430749914,-0.0365010569250086
Yellow-rumped Warbler,5.011271028587066,0.12401522954857193,0.9299204303735215,new,86.05515832482124,high,2598,0.1151138543422951,0.11352043176837001,-0.0015934225739250851,0.9861578557765341,-0.013842144223465858
American White Pelican,0,0.031759632690132655,0.39206447008617773,new,86.05515832482124,low,0,0.06014414489988775,0.029931425112766297,-0.030212719787121454,0.49766149577133917,-0.5023385042286608
American White Pelican,0,0.031759632690132655,0.39206447008617773,new,86.05515832482124,medium,197,0.062425497910220167,0.03768915426350684,-0.02473634364671333,0.6037461538186057,-0.39625384618139425
American White Pelican,0,0.031759632690132655,0.39206447008617773,new,86.05515832482124,high,2598,0.06201443591259917,0.04102861919985673,-0.02098581671274244,0.6615978779147639,-0.3384021220852361
Bay-breasted Warbler,5.2883599655588505,0.021746981296188093,0.5323519028845811,new,86.05515832482124,low,0,0.020094654327724098,0.014360771151972047,-0.0057338831757520504,0.7146562920546907,-0.2853437079453093
Bay-breasted Warbler,5.2883599655588505,0.021746981296188093,0.5323519028845811,new,86.05515832482124,medium,197,0.024920401091690438,0.01941211017226507,-0.005508290919425368,0.7789645961492139,-0.22103540385078613
Bay-breasted Warbler,5.2883599655588505,0.021746981296188093,0.5323519028845811,new,86.05515832482124,high,2598,0.026693008321880124,0.02182753282404118,-0.004865475497838945,0.817724722550259,-0.18227527744974104
Black Tern,5.178714550206064,0.009218885217819283,0.22057637054256282,new,86.05515832482124,low,0,0.010037134467004797,0.005140274462640092,-0.004896860004364705,0.5121256947924513,-0.4878743052075487
Black Tern,5.178714550206064,0.009218885217819283,0.22057637054256282,new,86.05515832482124,medium,197,0.011477672778533139,0.00738710527456665,-0.004090567503966488,0.6436065408993766,-0.35639345910062337
Black Tern,5.178714550206064,0.009218885217819283,0.22057637054256282,new,86.05515832482124,high,2598,0.012143465327311075,0.008718986376323963,-0.003424478950987112,0.7179982106684704,-0.28200178933152964
Black-throated Green Warbler,6.160881223268008,0.04030499778310449,0.6746869341532341,new,86.05515832482124,low,0,0.029262581925160912,0.024505822476586732,-0.0047567594485741806,0.837445668302968,-0.16255433169703204
Black-throated Green Warbler,6.160881223268008,0.04030499778310449,0.6746869341532341,new,86.05515832482124,medium,197,0.0375351122591522,0.03196966709488297,-0.005565445164269232,0.8517269609893812,-0.14827303901061883
Black-throated Green Warbler,6.160881223268008,0.04030499778310449,0.6746869341532341,new,86.05515832482124,high,2598,0.04024798091951967,0.035121892263521554,-0.005126088655998118,0.8726373711454419,-0.12736262885455807
Blackburnian Warbler,5.848695518280301,0.030474338092300268,0.624876497244846,new,86.05515832482124,low,0,0.026141471090525743,0.019922476931256566,-0.006218994159269176,0.7621023645634434,-0.23789763543655662
Blackburnian Warbler,5.848695518280301,0.030474338092300268,0.624876497244846,new,86.05515832482124,medium,197,0.03313906251357419,0.026300719873611236,-0.006838342639962951,0.7936470702162477,-0.2063529297837523
Blackburnian Warbler,5.848695518280301,0.030474338092300268,0.624876497244846,new,86.05515832482124,high,2598,0.03552266259971083,0.02911182382583897,-0.0064108387738718645,0.8195282024291712,-0.18047179757082876
Blackpoll Warbler,6.064395810755288,0.0427717245436873,0.7103389424872507,new,86.05515832482124,low,0,0.028171931321715662,0.023670418936820502,-0.00450151238489516,0.8402128581995627,-0.1597871418004373
Blackpoll Warbler,6.064395810755288,0.0427717245436873,0.7103389424872507,new,86.05515832482124,medium,197,0.03557528496601697,0.030154162131473674,-0.0054211228345432995,0.8476154768761013,-0.15238452312389872
Blackpoll Warbler,6.064395810755288,0.0427717245436873,0.7103389424872507,new,86.05515832482124,high,2598,0.03772458809016542,0.03272118451070203,-0.0050034035794633905,0.8673702263493303,-0.13262977365066975
Blue-winged Warbler,6.718069367174513,0.035716029204228936,0.5723662755737565,new,86.05515832482124,low,0,0.021509831004963908,0.016478483351906034,-0.005031347653057874,0.76609078649215,-0.23390921350785
Blue-winged Warbler,6.718069367174513,0.035716029204228936,0.5723662755737565,new,86.05515832482124,medium,197,0.028608881409093984,0.022964288874292995,-0.005644592534800989,0.8026978946123099,-0.1973021053876901
Blue-winged Warbler,6.718069367174513,0.035716029204228936,0.5723662755737565,new,86.05515832482124,high,2598,0.0316467426117752,0.02619674825702332,-0.005449994354751877,0.8277865617447772,-0.17221343825522284
Broad-winged Hawk,6.009491570221862,0.034845034909691014,0.545718260782156,new,86.05515832482124,low,0,0.01826362803437269,0.013879823134214512,-0.004383804900158177,0.7599707521469597,-0.24002924785304025
Broad-winged Hawk,6.009491570221862,0.034845034909691014,0.545718260782156,new,86.05515832482124,medium,197,0.0235122018735542,0.019167121450916067,-0.004345080422638134,0.8151989147590066,-0.18480108524099337
Broad-winged Hawk,6.009491570221862,0.034845034909691014,0.545718260782156,new,86.05515832482124,high,2598,0.02564506338922933,0.021782283549280076,-0.0038627798399492527,0.8493753054409847,-0.15062469455901528
Caspian Tern,4.36761234292163,0.017553618460864576,0.35356024898235505,new,86.05515832482124,low,0,0.018129214231026706,0.008958995152962137,-0.009170219078064569,0.49417448758642446,-0.5058255124135755
Caspian Tern,4.36761234292163,0.017553618460864576,0.35356024898235505,new,86.05515832482124,medium,197,0.02146505241664318,0.012557553723613673,-0.008907498693029507,0.5850232032919251,-0.41497679670807486
Caspian Tern,4.36761234292163,0.017553618460864576,0.35356024898235505,new,86.05515832482124,high,2598,0.022852055518322974,0.014514511062870588,-0.008337544455452386,0.6351512252905533,-0.36484877470944665
Clay-colored Sparrow,6.676507810233042,0.04030690820004916,0.4861083704090231,new,86.05515832482124,low,0,0.015045848965382507,0.011199556034203055,-0.0038462929311794524,0.7443618542211208,-0.2556381457788792
Clay-colored Sparrow,6.676507810233042,0.04030690820004916,0.4861083704090231,new,86.05515832482124,medium,197,0.01984294942259165,0.016125966616900286,-0.003716982805691365,0.8126799234059683,-0.18732007659403171
Clay-colored Sparrow,6.676507810233042,0.04030690820004916,0.4861083704090231,new,86.05515832482124,high,2598,0.022094113834568226,0.01880078746430978,-0.0032933263702584446,0.8509410065089038,-0.1490589934910962
Cliff Swallow,5.360937238432575,0.05307068880209086,0.5988535157633372,new,86.05515832482124,low,0,0.0303677715886899,0.02003464898419399,-0.010333122604495912,0.6597339197471982,-0.3402660802528018
Cliff Swallow,5.360937238432575,0.05307068880209086,0.5988535157633372,new,86.05515832482124,medium,197,0.03841636298288483,0.026781636243323418,-0.011634726739561414,0.6971413784083389,-0.3028586215916611
Cliff Swallow,5.360937238432575,0.05307068880209086,0.5988535157633372,new,86.05515832482124,high,2598,0.04124256748861904,0.029851843117770716,-0.011390724370848326,0.7238114631444413,-0.27618853685555866
Cooper's Hawk,5.460933214972911,0.10028220843257356,0.7755033137819203,new,86.05515832482124,low,0,0.042315558921586574,0.03444169082331415,-0.007873868098272424,0.8139249888471708,-0.1860750111528292
Cooper's Hawk,5.460933214972911,0.10028220843257356,0.7755033137819203,new,86.05515832482124,medium,197,0.052428512917069604,0.04274619350477492,-0.009682319412294686,0.8153234018365162,-0.1846765981634838
Cooper's Hawk,5.460933214972911,0.10028220843257356,0.7755033137819203,new,86.05515832482124,high,2598,0.0549161438209425,0.04584453151032042,-0.009071612310622083,0.8348097357272456,-0.1651902642727544
Dickcissel,6.72577013183108,0.02867246431964917,0.4682164417127212,new,86.05515832482124,low,0,0.012217260433461654,0.009436986897459365,-0.002780273536002289,0.7724306892576798,-0.22756931074232023
Dickcissel,6.72577013183108,0.02867246431964917,0.4682164417127212,new,86.05515832482124,medium,197,0.015929141730757625,0.013571998128820904,-0.0023571436019367217,0.8520231885823888,-0.1479768114176112
Dickcissel,6.72577013183108,0.02867246431964917,0.4682164417127212,new,86.05515832482124,high,2598,0.017676966141096873,0.01583541908186146,-0.0018415470592354141,0.895822221724234,-0.10417777827576602
Fox Sparrow,6.560730374266974,0.053257661454696736,0.7523093254568484,new,86.05515832482124,low,0,0.027329892960929126,0.02598358367147568,-0.0013463092894534442,0.9507385816922835,-0.049261418307716465
Fox Sparrow,6.560730374266974,0.053257661454696736,0.7523093254568484,new,86.05515832482124,medium,197,0.03518039872581264,0.03298497651012502,-0.002195422215687623,0.9375953003603454,-0.06240469963965456
Fox Sparrow,6.560730374266974,0.053257661454696736,0.7523093254568484,new,86.05515832482124,high,2598,0.03748773226198841,0.035701099559378544,-0.0017866327026098694,0.9523408700712082,-0.047659129928791844
Great Egret,2.725506813563479,0.05609891196883429,0.6072260487353328,new,86.05515832482124,low,0,0.06430182308709989,0.04643480228761294,-0.017867020799486953,0.7221381923295516,-0.27786180767044844
Great Egret,2.725506813563479,0.05609891196883429,0.6072260487353328,new,86.05515832482124,medium,197,0.07221317160529361,0.057298593897485116,-0.014914577707808498,0.7934645802661965,-0.20653541973380352
Great Egret,2.725506813563479,0.05609891196883429,0.6072260487353328,new,86.05515832482124,high,2598,0.07334055000879779,0.061446356519680743,-0.011894193489117043,0.8378224121895699,-0.16217758781043012
Greater Yellowlegs,5.414108476408927,0.006616034362529605,0.2534564639541103,new,86.05515832482124,low,0,0.010710461992100215,0.005523361400656658,-0.005187100591443557,0.5156977733295314,-0.4843022266704686
Greater Yellowlegs,5.414108476408927,0.006616034362529605,0.2534564639541103,new,86.05515832482124,medium,197,0.012467491193745149,0.007937025141585124,-0.004530466052160025,0.636617665755166,-0.363382334244834
Greater Yellowlegs,5.414108476408927,0.006616034362529605,0.2534564639541103,new,86.05515832482124,high,2598,0.013285544940061305,0.009356294989713694,-0.003929249950347611,0.7042462339275728,-0.2957537660724272
Hooded Merganser,3.5049254041379507,0.059455798228528735,0.7033642742876473,new,86.05515832482124,low,0,0.0603335720884718,0.0433102027442839,-0.017023369344187904,0.7178458235619596,-0.2821541764380404
Hooded Merganser,3.5049254041379507,0.059455798228528735,0.7033642742876473,new,86.05515832482124,medium,197,0.06795086844819405,0.05169050275177752,-0.016260365696416527,0.7607040782883668,-0.23929592171163316
Hooded Merganser,3.5049254041379507,0.059455798228528735,0.7033642742876473,new,86.05515832482124,high,2598,0.06867664277946792,0.0545195473970496,-0.014157095382418314,0.7938586568962159,-0.20614134310378407
Least Flycatcher,6.529690514271769,0.10353883771142887,0.88145708376365,new,86.05515832482124,low,0,0.048666283197490154,0.04614635529969753,-0.002519927897792623,0.9482202516356831,-0.05177974836431687
Least Flycatcher,6.529690514271769,0.10353883771142887,0.88145708376365,new,86.05515832482124,medium,197,0.06123456592386573,0.05555334910871973,-0.005681216815146002,0.9072220611115366,-0.09277793888846342
Least Flycatcher,6.529690514271769,0.10353883771142887,0.88145708376365,new,86.05515832482124,high,2598,0.06401968596009608,0.05873139734044529,-0.005288288619650791,0.917395898771715,-0.08260410122828499
Least Sandpiper,4.173587573466562,0.003960376557070859,0.18426005077922453,new,86.05515832482124,low,0,0.012408160388034533,0.004996607451286662,-0.007411552936747871,0.4026872070500477,-0.5973127929499523
Least Sandpiper,4.173587573466562,0.003960376557070859,0.18426005077922453,new,86.05515832482124,medium,197,0.013704528117495621,0.007076151381357803,-0.006628376736137818,0.5163367407247077,-0.4836632592752923
Least Sandpiper,4.173587573466562,0.003960376557070859,0.18426005077922453,new,86.05515832482124,high,2598,0.014262489372850877,0.008294428155726084,-0.005968061217124792,0.5815554310956967,-0.41844456890430326
Lesser Yellowlegs,4.792549078776277,0.0075196825183281735,0.2694723215708129,new,86.05515832482124,low,0,0.015275030564238557,0.007302198113470692,-0.007972832450767865,0.47804801979030925,-0.5219519802096908
Lesser Yellowlegs,4.792549078776277,0.0075196825183281735,0.2694723215708129,new,86.05515832482124,medium,197,0.017759444048295315,0.01040410944804606,-0.007355334600249255,0.5858353121726648,-0.4141646878273352
Lesser Yellowlegs,4.792549078776277,0.0075196825183281735,0.2694723215708129,new,86.05515832482124,high,2598,0.018872496952423927,0.0121910215470222,-0.006681475405401727,0.6459675991870499,-0.35403240081295007
Magnolia Warbler,5.578871039570535,0.04409949410118826,0.722246683450816,new,86.05515832482124,low,0,0.03553025185111218,0.029990621172253897,-0.005539630678858282,0.844086929018352,-0.15591307098164797
Magnolia Warbler,5.578871039570535,0.04409949410118826,0.722246683450816,new,86.05515832482124,medium,197,0.04365363651351698,0.03739826221633592,-0.006255374297181059,0.8567043940258188,-0.14329560597418123
Magnolia Warbler,5.578871039570535,0.04409949410118826,0.722246683450816,new,86.05515832482124,high,2598,0.04566029886195057,0.04017359802260966,-0.005486700839340906,0.8798365105771776,-0.1201634894228224
Northern Parula,6.504668185663089,0.023573992948282704,0.5568032848181541,new,86.05515832482124,low,0,0.019476741918655414,0.015644134698899064,-0.0038326072197563503,0.8032213377492381,-0.1967786622507619
Northern Parula,6.504668185663089,0.023573992948282704,0.5568032848181541,new,86.05515832482124,medium,197,0.025442040369484473,0.02166429794220893,-0.003777742427275542,0.8515157443187372,-0.14848425568126278
Northern Parula,6.504668185663089,0.023573992948282704,0.5568032848181541,new,86.05515832482124,high,2598,0.02793788033265792,0.024653793619069986,-0.003284086713587934,0.8824503980085773,-0.11754960199142273
Northern Waterthrush,7.1147962731480225,0.04389124005271523,0.713211766870769,new,86.05515832482124,low,0,0.025488593123628573,0.02355456035554768,-0.0019340327680808928,0.9241216351683218,-0.0758783648316782
Northern Waterthrush,7.1147962731480225,0.04389124005271523,0.713211766870769,new,86.05515832482124,medium,197,0.03406123600378729,0.031025826682560348,-0.0030354093212269437,0.9108837588603821,-0.08911624113961791
Northern Waterthrush,7.1147962731480225,0.04389124005271523,0.713211766870769,new,86.05515832482124,high,2598,0.037113271676397774,0.03420510104000547,-0.0029081706363923016,0.9216406825636513,-0.07835931743634872
Palm Warbler,4.813707997320577,0.07710941119338656,0.8432015553454114,new,86.05515832482124,low,0,0.05988053484747707,0.05360734893263041,-0.006273185914846657,0.8952383119017688,-0.10476168809823116
Palm Warbler,4.813707997320577,0.07710941119338656,0.8432015553454114,new,86.05515832482124,medium,197,0.06855434606107103,0.06182047368361472,-0.006733872377456304,0.9017732242466803,-0.09822677575331973
Palm Warbler,4.813707997320577,0.07710941119338656,0.8432015553454114,new,86.05515832482124,high,2598,0.06921544080654708,0.06420730269180291,-0.005008138114744168,0.9276442068939269,-0.0723557931060731
Purple Finch,6.01983996538343,0.0076497978406638596,0.2747157724069318,new,86.05515832482124,low,0,0.008439228526652262,0.005026399275287613,-0.0034128292513646487,0.5955993796605391,-0.4044006203394609
Purple Finch,6.01983996538343,0.0076497978406638596,0.2747157724069318,new,86.05515832482124,medium,197,0.010002947404826431,0.007272759535059866,-0.0027301878697665646,0.7270616590017012,-0.27293834099829883
Purple Finch,6.01983996538343,0.0076497978406638596,0.2747157724069318,new,86.05515832482124,high,2598,0.010752380890047873,0.008601204239285521,-0.0021511766507623514,0.7999348541723047,-0.2000651458276953
Purple Martin,5.877565971397403,0.03245865544659506,0.5231712492184868,new,86.05515832482124,low,0,0.024484410344806393,0.017826428107478715,-0.006657982237327678,0.7280725921692469,-0.2719274078307531
Purple Martin,5.877565971397403,0.03245865544659506,0.5231712492184868,new,86.05515832482124,medium,197,0.03147703965705937,0.024779194132563333,-0.006697845524496038,0.7872148843262041,-0.21278511567379588
Purple Martin,5.877565971397403,0.03245865544659506,0.5231712492184868,new,86.05515832482124,high,2598,0.034379965451020796,0.02828297612768357,-0.006096989323337226,0.822658654732412,-0.17734134526758805
Red-breasted Nuthatch,6.186520078777653,0.05362666958330245,0.6987034843056901,new,86.05515832482124,low,0,0.03211878180432726,0.026713632836655194,-0.0054051489676720625,0.8317137617297851,-0.16828623827021494
Red-breasted Nuthatch,6.186520078777653,0.05362666958330245,0.6987034843056901,new,86.05515832482124,medium,197,0.041362857282717005,0.034658539790029516,-0.006704317492687489,0.8379145462107906,-0.16208545378920935
Red-breasted Nuthatch,6.186520078777653,0.05362666958330245,0.6987034843056901,new,86.05515832482124,high,2598,0.044326339437591476,0.03795098910368421,-0.006375350333907265,0.8561724154352215,-0.1438275845647785
Scarlet Tanager,6.38232645560323,0.06940029093288637,0.7887441581215622,new,86.05515832482124,low,0,0.042569193819344785,0.03806553938017039,-0.004503654439174394,0.8942039058036426,-0.10579609419635738
Scarlet Tanager,6.38232645560323,0.06940029093288637,0.7887441581215622,new,86.05515832482124,medium,197,0.054317084426175256,0.04745626023894994,-0.006860824187225313,0.8736893877919725,-0.12631061220802753
Scarlet Tanager,6.38232645560323,0.06940029093288637,0.7887441581215622,new,86.05515832482124,high,2598,0.057467127743842404,0.05092778210746423,-0.006539345636378174,0.8862071954330645,-0.11379280456693552
Sedge Wren,7.598552824210966,0.03997506985022285,0.542458119728564,new,86.05515832482124,low,0,0.013700185888098716,0.011588616156349065,-0.002111569731749651,0.845872913769443,-0.15412708623055704
Sedge Wren,7.598552824210966,0.03997506985022285,0.542458119728564,new,86.05515832482124,medium,197,0.018772514189767515,0.01673181002079361,-0.002040704168973905,0.891292975019497,-0.108707024980503
Sedge Wren,7.598552824210966,0.03997506985022285,0.542458119728564,new,86.05515832482124,high,2598,0.02121403399807694,0.0194905703991104,-0.001723463598966541,0.9187583276654137,-0.08124167233458635
Solitary Sandpiper,4.720541675872562,0.014207945145241123,0.43612112412623916,new,86.05515832482124,low,0,0.021464220644472554,0.013610951789961462,-0.007853268854511092,0.634122804429265,-0.36587719557073495
Solitary Sandpiper,4.720541675872562,0.014207945145241123,0.43612112412623916,new,86.05515832482124,medium,197,0.025967784135923294,0.018768869891000812,-0.007198914244922482,0.722775181461723,-0.27722481853827696
Solitary Sandpiper,4.720541675872562,0.014207945145241123,0.43612112412623916,new,86.05515832482124,high,2598,0.027734658448774492,0.021418927258577764,-0.006315731190196728,0.7722801886361143,-0.22771981136388575
Spotted Sandpiper,4.894851344632638,0.060777380685155556,0.7050201359747341,new,86.05515832482124,low,0,0.04812625901153929,0.034269738879389354,-0.013856520132149934,0.7120798413018652,-0.2879201586981348
Spotted Sandpiper,4.894851344632638,0.060777380685155556,0.7050201359747341,new,86.05515832482124,medium,197,0.058200563793244946,0.04268972821972296,-0.015510835573521987,0.7334933794005231,-0.26650662059947694
Spotted Sandpiper,4.894851344632638,0.060777380685155556,0.7050201359747341,new,86.05515832482124,high,2598,0.06057814299139736,0.04587375749866454,-0.01470438549273282,0.7572658261442419,-0.24273417385575813
Swainson's Thrush,6.1819346324658415,0.041366499461164816,0.7000957987225892,new,86.05515832482124,low,0,0.02945830292253429,0.025145695182549124,-0.0043126077399851664,0.8536029807512702,-0.14639701924872983
Swainson's Thrush,6.1819346324658415,0.041366499461164816,0.7000957987225892,new,86.05515832482124,medium,197,0.03756532683947786,0.03234821001049605,-0.005217116828981808,0.8611188223843942,-0.1388811776156058
Swainson's Thrush,6.1819346324658415,0.041366499461164816,0.7000957987225892,new,86.05515832482124,high,2598,0.04005897334586539,0.03527329209103496,-0.0047856812548304276,0.8805341012234311,-0.11946589877656888
Trumpeter Swan,4.799618990950629,0.04342739002836225,0.5394475289891023,new,86.05515832482124,low,0,0.03667401816012363,0.02755896597355043,-0.009115052186573203,0.7514574992362256,-0.24854250076377438
Trumpeter Swan,4.799618990950629,0.04342739002836225,0.5394475289891023,new,86.05515832482124,medium,197,0.04554704949595521,0.037251796920034254,-0.008295252575920953,0.8178750837272651,-0.18212491627273486
Trumpeter Swan,4.799618990950629,0.04342739002836225,0.5394475289891023,new,86.05515832482124,high,2598,0.04873245462083763,0.041843252989350134,-0.006889201631487499,0.8586321644356135,-0.14136783556438648
Veery,7.193971640466218,0.0652407938110567,0.7663060092947336,new,86.05515832482124,low,0,0.029971649863823977,0.029017262109904032,-9.543877539199448e-4,0.968156983073798,-0.03184301692620195
Veery,7.193971640466218,0.0652407938110567,0.7663060092947336,new,86.05515832482124,medium,197,0.04017915426398959,0.0375726342825812,-0.0026065199814083867,0.9351275548439189,-0.06487244515608115
Veery,7.193971640466218,0.0652407938110567,0.7663060092947336,new,86.05515832482124,high,2598,0.043578570551927535,0.04103195734040068,-0.0025466132115268547,0.9415627181141164,-0.058437281885883596
Willow Flycatcher,7.065659638142661,0.1608806206851759,0.8979703816537304,new,86.05515832482124,low,0,0.03667196794005327,0.03712905597954296,4.570880394896906e-4,1.0124642353591953,0.012464235359195275
Willow Flycatcher,7.065659638142661,0.1608806206851759,0.8979703816537304,new,86.05515832482124,medium,197,0.04885600839537215,0.04646098944518896,-0.002395018950183188,0.9509780060048857,-0.04902199399511431
Willow Flycatcher,7.065659638142661,0.1608806206851759,0.8979703816537304,new,86.05515832482124,high,2598,0.0523538098364593,0.050014983559014466,-0.002338826277444833,0.9553265314453568,-0.04467346855464316
Wilson's Snipe,6.197070833717065,0.013026285476824566,0.37010742439894423,new,86.05515832482124,low,0,0.011802723625900194,0.007135542308804099,-0.0046671813170960945,0.6045674316346513,-0.3954325683653487
Wilson's Snipe,6.197070833717065,0.013026285476824566,0.37010742439894423,new,86.05515832482124,medium,197,0.01465452573063625,0.010281417799423606,-0.004373107931212643,0.7015865261288959,-0.29841347387110406
Wilson's Snipe,6.197070833717065,0.013026285476824566,0.37010742439894423,new,86.05515832482124,high,2598,0.016007100524679675,0.012073091416074811,-0.003934009108604863,0.7542334976569038,-0.24576650234309616
Wilson's Warbler,6.270897859500255,0.022570494723882655,0.547124061197476,new,86.05515832482124,low,0,0.01718079834135655,0.014042868236944601,-0.00313793010441195,0.8173583065195219,-0.1826416934804781
Wilson's Warbler,6.270897859500255,0.022570494723882655,0.547124061197476,new,86.05515832482124,medium,197,0.022169942168756184,0.019380440818986863,-0.002789501349769321,0.8741764264184446,-0.12582357358155538
Wilson's Warbler,6.270897859500255,0.022570494723882655,0.547124061197476,new,86.05515832482124,high,2598,0.024218201286764305,0.022024204083392795,-0.0021939972033715102,0.9094070952093964,-0.09059290479060356
Yellow-headed Blackbird,5.1105011436356795,0.008477149891427931,0.20847358126509571,new,86.05515832482124,low,0,0.009808087092140495,0.00464625213145126,-0.005161834960689235,0.4737164431558154,-0.5262835568441846
Yellow-headed Blackbird,5.1105011436356795,0.008477149891427931,0.20847358126509571,new,86.05515832482124,medium,197,0.011133226430044996,0.0066677961289388745,-0.004465430301106121,0.5989095947015537,-0.4010904052984463
Yellow-headed Blackbird,5.1105011436356795,0.008477149891427931,0.20847358126509571,new,86.05515832482124,high,2598,0.01174278524831329,0.007868263678299032,-0.0038745215700142586,0.6700508875804583,-0.3299491124195417
Yellow-throated Vireo,7.262439122741606,0.10843451291510807,0.8536924774800005,new,86.05515832482124,low,0,0.04486263981505618,0.04412519539303231,-7.37444422023871e-4,0.9835621705485021,-0.016437829451497854
Yellow-throated Vireo,7.262439122741606,0.10843451291510807,0.8536924774800005,new,86.05515832482124,medium,197,0.06009178324784607,0.055538503755486975,-0.004553279492359098,0.9242279185894803,-0.07577208141051972
Yellow-throated Vireo,7.262439122741606,0.10843451291510807,0.8536924774800005,new,86.05515832482124,high,2598,0.06463237718182013,0.05984415796085383,-0.004788219220966304,0.9259160898956825,-0.07408391010431747
Red-shouldered Hawk,6.958620020765574,0.028545548775915246,0.4835359542817919,new,86.05515832482124,low,0,0.01240319266198295,0.010101631454092123,-0.0023015612078908267,0.8144380023261796,-0.18556199767382042
Red-shouldered Hawk,6.958620020765574,0.028545548775915246,0.4835359542817919,new,86.05515832482124,medium,197,0.016341157024846,0.014541507290452255,-0.0017996497343937441,0.8898701155825467,-0.1101298844174533
Red-shouldered Hawk,6.958620020765574,0.028545548775915246,0.4835359542817919,new,86.05515832482124,high,2598,0.018207651739648768,0.016963874342230602,-0.0012437773974181658,0.9316893021020536,-0.06831069789794642
